theme,percent_agreement,kappa
AFFORDABILITY,0.9285,0.8424277150916785
CHILDCARE_ACCESS,0.948,0.8572244431753283
EMPLOYMENT_DISRUPTION,0.95,0.8935677680628801
FOOD_INSECURITY,0.919,0.7893907542541119
PROVIDER_STAFF_SHORTAGE,0.9465,0.6520709905246247
SCHEDULING_CONSTRAINTS,0.9525,0.8990489347006004
STRESS_BURNOUT,0.9595,0.8947176874285121
