theme,percent_agreement,kappa
AFFORDABILITY,0.9225,0.8321239033900141
CHILDCARE_ACCESS,0.9625,0.901048881852365
EMPLOYMENT_DISRUPTION,0.9475,0.8881550916063059
FOOD_INSECURITY,0.925,0.8110905584635366
PROVIDER_STAFF_SHORTAGE,0.9475,0.6814562002275316
SCHEDULING_CONSTRAINTS,0.94875,0.890145222656878
STRESS_BURNOUT,0.95125,0.8739903069466883
